{"auc": 0.53335171371161, "log_loss": 0.588184348084957}